Food,Pizza,Potatoes,Fish,Cake,Pasta,Salad,Soup,Bread,Eggs,Cheese,Fruit,Chicken,Sausage,Ice Cream,Chocolate,Beef,
Movies,Jurassic Park,Jaws,Raiders of the Lost Ark,The Avengers,Transformers,Toy Story,Home Alone,Titanic,E.T.,The Wizard of Oz,King Kong,The Matrix,Shrek,The Godfather,Finding Nemo,Avatar,
Presidents,Clinton,Reagan,Roosevelt (FDR),Eisenhower,George W. Bush,George Bush Sr.,Obama,Trump,Kennedy,Lincoln,Washington,Nixon,Teddy Roosevelt,Jefferson,Adams,Carter,
Fairy Tales,Cinderella,Goldilocks,Jack and the Beanstalk,The Hare and the Tortoise,Snow White,Rapunzel,Aladdin,The Princess and the Pea,Peter Pan,Little Red Riding Hood,Pinocchio,Beauty and the Beast,Sleeping Beauty,Hansel and Gretel,The Gingerbread Man,The Three Little Pigs,
Countries,UK,Spain,Japan,Brazil,France,USA,Italy,Australia,Germany,Mexico,India,Israel,Canada,China,Russia,Egypt,
Musical instruments,Electric Guitar,Piano,Violin,Drums,Bass Guitar,Saxophone,Cello,Flute,Clarinet,Trumpet,Voice,Ukulele,Harp,Bagpipes,Harmonica,Banjo,
Film Genres,Horror,Action,Thriller,Sci-Fi,Rom-Com,Western,Comedy,Christmas,Gangster,Foreign Language,War,Documentary,Musical,Animation,Zombie,Sport,
Children's Books,The Hobbit,Peter Pan,The Very Hungry Caterpillar,101 Dalmations,Matilda,Harry Potter & the Philosopher's Stone,Alice in Wonderland,The Lion,the Witch and the Wardrobe,Wind in the Willows,the Cat in the Hat,Charlie and the Chocolate Factory,Where the Wild Things Are,Winnie-the-Pooh,Stig of the Dump,The Jungle Book,Charlotte's Web
Transportation,Plane,Car,Tank,Helicopter,Cruise Ship,Hovercraft,Motorbike,Bus,Segway,Cable Car,Jet Ski,Hot Air Balloon,Train,Spaceship,Magic Carpet,Broomstick,
Under the Sea,Octopus,Starfish,Shark,Jellyfish,Lobster,Seal,Dolphin,Killler Whale,Crab,Giant Squid,Seahorse,Stingray,Sea Turtle,Clownfish,Swordfish,Mermaid,
Historical Figures,Jesus,Napoleon,Stalin,HItler,Darwin,Martin Luther King Jr.,Aung San Suu Kyi,Einstein,Christopher Columbus,Mother Teresa,Florence Nightingale,Joan of Arc,Mozart,Cleopatra,Buddha,Churchill,
Inventions,Matches,Gunpowder,Wheel,Printing,Computer,Internet,Compass,Plane,TV,Electricity,Writing,Steam Engine,Car,Telephone,Camera,Radio,